{"properties":{"connectionReferences":{"shared_sharepointonline":{"runtimeSource":"embedded","connection":{"connectionReferenceLogicalName":"crf4b_sharedsharepointonline_79b02"},"api":{"name":"shared_sharepointonline"}}},"definition":{"$schema":"https://schema.management.azure.com/providers/Microsoft.Logic/schemas/2016-06-01/workflowdefinition.json#","contentVersion":"1.0.0.0","parameters":{"$connections":{"defaultValue":{},"type":"Object"},"$authentication":{"defaultValue":{},"type":"SecureObject"}},"triggers":{"manual":{"type":"Request","kind":"Http","inputs":{"schema":{"type":"object","properties":{"userEmail":{"type":"string"},"status":{"type":"string"},"flowType":{"type":"string"},"stage":{"type":"string"},"id":{"type":"number"}}}}}},"actions":{"Check_Stage_Type_Switch":{"runAfter":{},"cases":{"Submission_Case":{"case":"Submission","actions":{"Check_Flow_Type_Switch":{"runAfter":{},"cases":{"Flow_Type_Serial_Case":{"case":"Serial","actions":{"Split_User_for_Serial_Compose":{"runAfter":{},"type":"Compose","inputs":"@split(triggerBody()?['userEmail'], ',')"},"Apply_to_each":{"foreach":"@outputs('Split_User_for_Serial_Compose')","actions":{"Create_item":{"runAfter":{},"type":"OpenApiConnection","inputs":{"host":{"connectionName":"shared_sharepointonline","operationId":"PostItem","apiId":"/providers/Microsoft.PowerApps/apis/shared_sharepointonline"},"parameters":{"dataset":"https://totalebiz.sharepoint.com/sites/adb_test","table":"564813a7-73f4-4070-a45b-a76835b863bc","item/Users":[{"Claims":"@items('Apply_to_each')"}],"item/Status":"@triggerBody()?['status']","item/FlowType":"@triggerBody()?['flowType']"},"authentication":"@parameters('$authentication')"}}},"runAfter":{"Split_User_for_Serial_Compose":["Succeeded"]},"type":"Foreach"},"Run_a_Child_Flow_2":{"runAfter":{"Apply_to_each":["Succeeded"]},"type":"Workflow","inputs":{"host":{"workflowReferenceName":"ae85dc64-67ce-eb11-bacc-6045bd72ec68"},"body":{"text":"@first(outputs('Split_User_for_Serial_Compose'))"}}}}},"Flow_Type_Parallel_Case":{"case":"Parallel","actions":{"Split_User_for_Parallel_Compose":{"runAfter":{},"type":"Compose","inputs":"@split(triggerBody()?['userEmail'],',')"},"Select":{"runAfter":{"Split_User_for_Parallel_Compose":["Succeeded"]},"type":"Select","inputs":{"from":"@outputs('Split_User_for_Parallel_Compose')","select":{"Claims":"@item()"}}},"Run_a_Child_Flow_3":{"runAfter":{"Create_item_2":["Succeeded"]},"type":"Workflow","inputs":{"host":{"workflowReferenceName":"ae85dc64-67ce-eb11-bacc-6045bd72ec68"},"body":{"text":"prakash.palani@qantler.com"}}},"Create_item_2":{"runAfter":{"Select":["Succeeded"]},"type":"OpenApiConnection","inputs":{"host":{"connectionName":"shared_sharepointonline","operationId":"PostItem","apiId":"/providers/Microsoft.PowerApps/apis/shared_sharepointonline"},"parameters":{"dataset":"https://totalebiz.sharepoint.com/sites/adb_test","table":"564813a7-73f4-4070-a45b-a76835b863bc","item/Users":"@body('Select')","item/Status":"@triggerBody()?['status']","item/FlowType":"@triggerBody()?['flowType']","item/UsersCount":"@length(outputs('Split_User_for_Parallel_Compose'))","item/UserEmailArray":"@triggerBody()?['userEmail']"},"authentication":"@parameters('$authentication')"}}}}},"default":{"actions":{"Terminate":{"runAfter":{},"type":"Terminate","inputs":{"runStatus":"Failed","runError":{"code":"Invalid flow type","message":"Flow type should be Parallel or Serial."}}}}},"expression":"@triggerBody()?['flowType']","type":"Switch"}}},"Approval_Case":{"case":"Approval","actions":{"Get_item":{"runAfter":{},"type":"OpenApiConnection","inputs":{"host":{"connectionName":"shared_sharepointonline","operationId":"GetItem","apiId":"/providers/Microsoft.PowerApps/apis/shared_sharepointonline"},"parameters":{"dataset":"https://totalebiz.sharepoint.com/sites/adb_test","table":"564813a7-73f4-4070-a45b-a76835b863bc","id":"@triggerBody()?['id']"},"authentication":"@parameters('$authentication')"}},"Check_Flow_Type_Approval_Switch":{"runAfter":{"Get_item":["Succeeded"]},"cases":{"Serial_Case":{"case":"Serial","actions":{"Update_item":{"runAfter":{},"type":"OpenApiConnection","inputs":{"host":{"connectionName":"shared_sharepointonline","operationId":"PatchItem","apiId":"/providers/Microsoft.PowerApps/apis/shared_sharepointonline"},"parameters":{"dataset":"https://totalebiz.sharepoint.com/sites/adb_test","table":"564813a7-73f4-4070-a45b-a76835b863bc","id":"@triggerBody()?['id']","item/Status":"Approved","item/ApprovedCount":1},"authentication":"@parameters('$authentication')"}}}},"Parallel_Case":{"case":"Parallel","actions":{"Compose":{"runAfter":{},"type":"Compose","inputs":"@skip(outputs('Get_item')?['body/UserEmailArray'],5)"},"Condition":{"actions":{"Update_item_2":{"runAfter":{},"type":"OpenApiConnection","inputs":{"host":{"connectionName":"shared_sharepointonline","operationId":"PatchItem","apiId":"/providers/Microsoft.PowerApps/apis/shared_sharepointonline"},"parameters":{"dataset":"https://totalebiz.sharepoint.com/sites/adb_test","table":"564813a7-73f4-4070-a45b-a76835b863bc","id":"@triggerBody()?['id']","item/Status":"Completed","item/ApprovedCount":"@add(outputs('Get_item')?['body/ApprovedCount'],1)"},"authentication":"@parameters('$authentication')"}}},"runAfter":{"Compose":["Succeeded"]},"else":{"actions":{"Update_item_3":{"runAfter":{},"type":"OpenApiConnection","inputs":{"host":{"connectionName":"shared_sharepointonline","operationId":"PatchItem","apiId":"/providers/Microsoft.PowerApps/apis/shared_sharepointonline"},"parameters":{"dataset":"https://totalebiz.sharepoint.com/sites/adb_test","table":"564813a7-73f4-4070-a45b-a76835b863bc","id":"@triggerBody()?['id']","item/ApprovedCount":"@add(outputs('Get_item')?['body/ApprovedCount'],1)"},"authentication":"@parameters('$authentication')"}},"Run_a_Child_Flow":{"runAfter":{"Update_item_3":["Succeeded"]},"type":"Workflow","inputs":{"host":{"workflowReferenceName":"ae85dc64-67ce-eb11-bacc-6045bd72ec68"},"body":{"text":"@skip(outputs('Get_item')?['body/UserEmailArray'],1)"}}}}},"expression":{"equals":["@add(outputs('Get_item')?['body/ApprovedCount'],1)","@outputs('Get_item')?['body/UsersCount']"]},"type":"If"}}}},"default":{"actions":{}},"expression":"@outputs('Get_item')?['body/FlowType']","type":"Switch"}}}},"default":{"actions":{}},"expression":"@triggerBody()?['stage']","type":"Switch"}},"outputs":{}}},"schemaVersion":"1.0.0.0"}