{"properties":{"connectionReferences":{"shared_sharepointonline":{"runtimeSource":"embedded","connection":{"connectionReferenceLogicalName":"crf4b_sharedsharepointonline_79b02"},"api":{"name":"shared_sharepointonline"}}},"definition":{"$schema":"https://schema.management.azure.com/providers/Microsoft.Logic/schemas/2016-06-01/workflowdefinition.json#","contentVersion":"1.0.0.0","parameters":{"$connections":{"defaultValue":{},"type":"Object"},"$authentication":{"defaultValue":{},"type":"SecureObject"}},"triggers":{"manual":{"type":"Request","kind":"Button","inputs":{"schema":{"type":"object","properties":{"text":{"title":"Flow Type","type":"string","x-ms-dynamically-added":true,"description":"Please enter your input","x-ms-content-hint":"TEXT"},"text_1":{"title":"User Mail","type":"string","x-ms-dynamically-added":true,"description":"Please enter your input","x-ms-content-hint":"TEXT"},"text_2":{"title":"Status","type":"string","x-ms-dynamically-added":true,"description":"Please enter your input","x-ms-content-hint":"TEXT"},"text_3":{"title":"Stage","type":"string","x-ms-dynamically-added":true,"description":"Please enter your input","x-ms-content-hint":"TEXT"},"number":{"title":"ID","type":"number","x-ms-dynamically-added":true,"description":"Please enter a number","x-ms-content-hint":"NUMBER"}},"required":["text","text_1","text_2","text_3","number"]}}}},"actions":{"Check_Stage_Switch":{"runAfter":{},"cases":{"Submission_Case":{"case":"Submission","actions":{"Split_User_Compose":{"runAfter":{},"type":"Compose","inputs":"@split(triggerBody()['text_1'],',')"},"Select":{"runAfter":{"Split_User_Compose":["Succeeded"]},"type":"Select","inputs":{"from":"@outputs('Split_User_Compose')","select":{"Claims":"@item()"}}},"Create_item":{"runAfter":{"Select":["Succeeded"]},"type":"OpenApiConnection","inputs":{"host":{"connectionName":"shared_sharepointonline","operationId":"PostItem","apiId":"/providers/Microsoft.PowerApps/apis/shared_sharepointonline"},"parameters":{"dataset":"https://totalebiz.sharepoint.com/sites/adb_test","table":"564813a7-73f4-4070-a45b-a76835b863bc","item/Users":"@body('Select')","item/Status":"@triggerBody()['text_2']","item/FlowType":"@triggerBody()['text']","item/UsersCount":"@length(outputs('Split_User_Compose'))","item/UserEmailArray":"@triggerBody()['text_1']"},"authentication":{"type":"Raw","value":"@json(decodeBase64(triggerOutputs().headers['X-MS-APIM-Tokens']))['$ConnectionKey']"}}},"Run_a_Child_Flow":{"runAfter":{"Create_item":["Succeeded"]},"type":"Workflow","inputs":{"host":{"workflowReferenceName":"ae85dc64-67ce-eb11-bacc-6045bd72ec68"},"body":{"text":"@replace(triggerBody()['text_1'],',',';')"}}}}},"Approval_Case":{"case":"Approval","actions":{"Condition":{"actions":{"Update_item":{"runAfter":{},"type":"OpenApiConnection","inputs":{"host":{"connectionName":"shared_sharepointonline","operationId":"PatchItem","apiId":"/providers/Microsoft.PowerApps/apis/shared_sharepointonline"},"parameters":{"dataset":"https://totalebiz.sharepoint.com/sites/adb_test","table":"564813a7-73f4-4070-a45b-a76835b863bc","id":"@triggerBody()['number']","item/Status":"Completed","item/ApprovedCount":"@add(outputs('Get_item')?['body/ApprovedCount'],1)"},"authentication":{"type":"Raw","value":"@json(decodeBase64(triggerOutputs().headers['X-MS-APIM-Tokens']))['$ConnectionKey']"}}}},"runAfter":{"Compose_2":["Succeeded"]},"else":{"actions":{"Update_item_2":{"runAfter":{},"type":"OpenApiConnection","inputs":{"host":{"connectionName":"shared_sharepointonline","operationId":"PatchItem","apiId":"/providers/Microsoft.PowerApps/apis/shared_sharepointonline"},"parameters":{"dataset":"https://totalebiz.sharepoint.com/sites/adb_test","table":"564813a7-73f4-4070-a45b-a76835b863bc","id":"@triggerBody()['number']","item/ApprovedCount":"@add(outputs('Get_item')?['body/ApprovedCount'],1)"},"authentication":{"type":"Raw","value":"@json(decodeBase64(triggerOutputs().headers['X-MS-APIM-Tokens']))['$ConnectionKey']"}}},"Run_a_Child_Flow_2":{"runAfter":{"Update_item_2":["Succeeded"]},"type":"Workflow","inputs":{"host":{"workflowReferenceName":"ae85dc64-67ce-eb11-bacc-6045bd72ec68"},"body":{"text":"@skip(outputs('Update_item_2')?['body/UserEmailArray'],1)"}}}}},"expression":{"equals":["@add(outputs('Get_item')?['body/ApprovedCount'],1)","@outputs('Get_item')?['body/UsersCount']"]},"type":"If"},"Get_item":{"runAfter":{},"type":"OpenApiConnection","inputs":{"host":{"connectionName":"shared_sharepointonline","operationId":"GetItem","apiId":"/providers/Microsoft.PowerApps/apis/shared_sharepointonline"},"parameters":{"dataset":"https://totalebiz.sharepoint.com/sites/adb_test","table":"564813a7-73f4-4070-a45b-a76835b863bc","id":"@triggerBody()['number']"},"authentication":{"type":"Raw","value":"@json(decodeBase64(triggerOutputs().headers['X-MS-APIM-Tokens']))['$ConnectionKey']"}}},"Compose_2":{"runAfter":{"Get_item":["Succeeded"]},"type":"Compose","inputs":"@skip(outputs('Get_item')?['body/UserEmailArray'],5)"}}}},"default":{"actions":{"Terminate":{"runAfter":{},"type":"Terminate","inputs":{"runStatus":"Failed","runError":{"code":"Invalid stage","message":"Invalid stage"}}}}},"expression":"@triggerBody()['text_3']","type":"Switch"},"Respond_to_a_PowerApp_or_flow":{"runAfter":{"Check_Stage_Switch":["Succeeded"]},"type":"Response","kind":"PowerApp","inputs":{"statusCode":200,"body":{},"schema":{"type":"object","properties":{}}}}},"outputs":{}}},"schemaVersion":"1.0.0.0"}