{"properties":{"connectionReferences":{},"definition":{"$schema":"https://schema.management.azure.com/providers/Microsoft.Logic/schemas/2016-06-01/workflowdefinition.json#","contentVersion":"1.0.0.0","parameters":{"$authentication":{"defaultValue":{},"type":"SecureObject"}},"triggers":{"manual":{"type":"Request","kind":"Http","inputs":{"schema":{"type":"object","properties":{"userEmail":{"type":"string"},"status":{"type":"string"},"flowType":{"type":"string"},"stage":{"type":"string"},"id":{"type":"number"}}}}}},"actions":{"Check_Stage_Type_Switch":{"runAfter":{},"cases":{"Flow_Type_Serial_Case":{"case":"Serial","actions":{"Serial_Run_a_Child_Flow":{"runAfter":{},"type":"Workflow","inputs":{"host":{"workflowReferenceName":"d8e2e8d8-f303-ec11-b6e6-002248166def"},"body":{"text":"@triggerBody()?['flowType']","text_1":"@triggerBody()?['userEmail']","text_2":"@triggerBody()?['status']","text_3":"@triggerBody()?['stage']","number":"@triggerBody()?['id']"}}}}},"Flow_Type_Parallel_Case":{"case":"Parallel","actions":{"Parallel_Run_a_Child_Flow":{"runAfter":{},"type":"Workflow","inputs":{"host":{"workflowReferenceName":"dac323ce-f703-ec11-b6e6-002248166def"},"body":{"text":"@triggerBody()?['flowType']","text_1":"@triggerBody()?['userEmail']","text_2":"@triggerBody()?['status']","text_3":"@triggerBody()?['stage']","number":"@triggerBody()?['id']"}}}}}},"default":{"actions":{"Terminate":{"runAfter":{},"type":"Terminate","inputs":{"runStatus":"Failed","runError":{"code":"Invalid flow type","message":"Invalid flow type"}}}}},"expression":"@triggerBody()?['flowType']","type":"Switch"}},"outputs":{}}},"schemaVersion":"1.0.0.0"}