{"properties":{"connectionReferences":{"shared_sharepointonline":{"runtimeSource":"embedded","connection":{"connectionReferenceLogicalName":"crf4b_sharedsharepointonline_79b02"},"api":{"name":"shared_sharepointonline"}}},"definition":{"$schema":"https://schema.management.azure.com/providers/Microsoft.Logic/schemas/2016-06-01/workflowdefinition.json#","contentVersion":"1.0.0.0","parameters":{"$connections":{"defaultValue":{},"type":"Object"},"$authentication":{"defaultValue":{},"type":"SecureObject"}},"triggers":{"manual":{"type":"Request","kind":"Button","inputs":{"schema":{"type":"object","properties":{"text":{"title":"Flow Type","type":"string","x-ms-dynamically-added":true,"description":"Please enter your input","x-ms-content-hint":"TEXT"},"text_1":{"title":"User Mail","type":"string","x-ms-dynamically-added":true,"description":"Please enter your input","x-ms-content-hint":"TEXT"},"text_2":{"title":"Status","type":"string","x-ms-dynamically-added":true,"description":"Please enter your input","x-ms-content-hint":"TEXT"},"text_3":{"title":"Stage","type":"string","x-ms-dynamically-added":true,"description":"Please enter your input","x-ms-content-hint":"TEXT"},"number":{"title":"ID","type":"number","x-ms-dynamically-added":true,"description":"0","x-ms-content-hint":"NUMBER"}},"required":["text","text_1","text_2","text_3","number"]}}}},"actions":{"Check_Stage_Switch":{"runAfter":{},"cases":{"Submission_Case":{"case":"Submission","actions":{"Split_User_Compose":{"runAfter":{},"type":"Compose","inputs":"@split(triggerBody()['text_1'],',')"},"Apply_to_each":{"foreach":"@outputs('Split_User_Compose')","actions":{"Create_item":{"runAfter":{},"type":"OpenApiConnection","inputs":{"host":{"connectionName":"shared_sharepointonline","operationId":"PostItem","apiId":"/providers/Microsoft.PowerApps/apis/shared_sharepointonline"},"parameters":{"dataset":"https://totalebiz.sharepoint.com/sites/adb_test","table":"564813a7-73f4-4070-a45b-a76835b863bc","item/Users":[{"Claims":"@items('Apply_to_each')"}],"item/Status":"@triggerBody()['text_2']","item/FlowType":"@triggerBody()['text']"},"authentication":{"type":"Raw","value":"@json(decodeBase64(triggerOutputs().headers['X-MS-APIM-Tokens']))['$ConnectionKey']"}}}},"runAfter":{"Split_User_Compose":["Succeeded"]},"type":"Foreach"},"Run_a_Child_Flow":{"runAfter":{"Apply_to_each":["Succeeded"]},"type":"Workflow","inputs":{"host":{"workflowReferenceName":"ae85dc64-67ce-eb11-bacc-6045bd72ec68"},"body":{"text":"@first(outputs('Split_User_Compose'))"}}}}},"Approval_Case":{"case":"Approval","actions":{"Update_item":{"runAfter":{},"type":"OpenApiConnection","inputs":{"host":{"connectionName":"shared_sharepointonline","operationId":"PatchItem","apiId":"/providers/Microsoft.PowerApps/apis/shared_sharepointonline"},"parameters":{"dataset":"https://totalebiz.sharepoint.com/sites/adb_test","table":"564813a7-73f4-4070-a45b-a76835b863bc","id":"@triggerBody()['number']","item/Status":"Approved","item/ApprovedCount":1},"authentication":{"type":"Raw","value":"@json(decodeBase64(triggerOutputs().headers['X-MS-APIM-Tokens']))['$ConnectionKey']"}}}}}},"default":{"actions":{"Terminate":{"runAfter":{},"type":"Terminate","inputs":{"runStatus":"Failed","runError":{"code":"Invalid stage","message":"Invalid stage"}}}}},"expression":"@triggerBody()['text_3']","type":"Switch"},"Respond_to_a_PowerApp_or_flow":{"runAfter":{"Check_Stage_Switch":["Succeeded"]},"type":"Response","kind":"PowerApp","inputs":{"statusCode":200,"body":{},"schema":{"type":"object","properties":{}}}}},"outputs":{}}},"schemaVersion":"1.0.0.0"}