<ImportExportXml version="9.2.21082.132" SolutionPackageVersion="9.2" languagecode="1033" generatedBy="CrmLive" xmlns:xsi="http://www.w3.org/2001/XMLSchema-instance">
  <SolutionManifest>
    <UniqueName>AvepointSolution</UniqueName>
    <LocalizedNames>
      <LocalizedName description="Avepoint Solution" languagecode="1033" />
    </LocalizedNames>
    <Descriptions />
    <Version>1.0.0.3</Version>
    <Managed>0</Managed>
    <Publisher>
      <UniqueName>Cre5a93</UniqueName>
      <LocalizedNames>
        <LocalizedName description="CDS Default Publisher" languagecode="1033" />
      </LocalizedNames>
      <Descriptions />
      <EMailAddress xsi:nil="true"></EMailAddress>
      <SupportingWebsiteUrl xsi:nil="true"></SupportingWebsiteUrl>
      <CustomizationPrefix>crf4b</CustomizationPrefix>
      <CustomizationOptionValuePrefix>45191</CustomizationOptionValuePrefix>
      <Addresses>
        <Address>
          <AddressNumber>1</AddressNumber>
          <AddressTypeCode xsi:nil="true"></AddressTypeCode>
          <City xsi:nil="true"></City>
          <County xsi:nil="true"></County>
          <Country xsi:nil="true"></Country>
          <Fax xsi:nil="true"></Fax>
          <FreightTermsCode xsi:nil="true"></FreightTermsCode>
          <ImportSequenceNumber xsi:nil="true"></ImportSequenceNumber>
          <Latitude xsi:nil="true"></Latitude>
          <Line1 xsi:nil="true"></Line1>
          <Line2 xsi:nil="true"></Line2>
          <Line3 xsi:nil="true"></Line3>
          <Longitude xsi:nil="true"></Longitude>
          <Name xsi:nil="true"></Name>
          <PostalCode xsi:nil="true"></PostalCode>
          <PostOfficeBox xsi:nil="true"></PostOfficeBox>
          <PrimaryContactName xsi:nil="true"></PrimaryContactName>
          <ShippingMethodCode xsi:nil="true"></ShippingMethodCode>
          <StateOrProvince xsi:nil="true"></StateOrProvince>
          <Telephone1 xsi:nil="true"></Telephone1>
          <Telephone2 xsi:nil="true"></Telephone2>
          <Telephone3 xsi:nil="true"></Telephone3>
          <TimeZoneRuleVersionNumber xsi:nil="true"></TimeZoneRuleVersionNumber>
          <UPSZone xsi:nil="true"></UPSZone>
          <UTCOffset xsi:nil="true"></UTCOffset>
          <UTCConversionTimeZoneCode xsi:nil="true"></UTCConversionTimeZoneCode>
        </Address>
        <Address>
          <AddressNumber>2</AddressNumber>
          <AddressTypeCode xsi:nil="true"></AddressTypeCode>
          <City xsi:nil="true"></City>
          <County xsi:nil="true"></County>
          <Country xsi:nil="true"></Country>
          <Fax xsi:nil="true"></Fax>
          <FreightTermsCode xsi:nil="true"></FreightTermsCode>
          <ImportSequenceNumber xsi:nil="true"></ImportSequenceNumber>
          <Latitude xsi:nil="true"></Latitude>
          <Line1 xsi:nil="true"></Line1>
          <Line2 xsi:nil="true"></Line2>
          <Line3 xsi:nil="true"></Line3>
          <Longitude xsi:nil="true"></Longitude>
          <Name xsi:nil="true"></Name>
          <PostalCode xsi:nil="true"></PostalCode>
          <PostOfficeBox xsi:nil="true"></PostOfficeBox>
          <PrimaryContactName xsi:nil="true"></PrimaryContactName>
          <ShippingMethodCode xsi:nil="true"></ShippingMethodCode>
          <StateOrProvince xsi:nil="true"></StateOrProvince>
          <Telephone1 xsi:nil="true"></Telephone1>
          <Telephone2 xsi:nil="true"></Telephone2>
          <Telephone3 xsi:nil="true"></Telephone3>
          <TimeZoneRuleVersionNumber xsi:nil="true"></TimeZoneRuleVersionNumber>
          <UPSZone xsi:nil="true"></UPSZone>
          <UTCOffset xsi:nil="true"></UTCOffset>
          <UTCConversionTimeZoneCode xsi:nil="true"></UTCConversionTimeZoneCode>
        </Address>
      </Addresses>
    </Publisher>
    <RootComponents>
      <RootComponent type="29" id="{13e79085-6c01-ec11-94ef-6045bd72e82d}" behavior="0" />
      <RootComponent type="29" id="{994f78dd-fb03-ec11-b6e6-002248166def}" behavior="0" />
      <RootComponent type="29" id="{ae85dc64-67ce-eb11-bacc-6045bd72ec68}" behavior="0" />
      <RootComponent type="29" id="{d8e2e8d8-f303-ec11-b6e6-002248166def}" behavior="0" />
      <RootComponent type="29" id="{dac323ce-f703-ec11-b6e6-002248166def}" behavior="0" />
    </RootComponents>
    <MissingDependencies>
      <MissingDependency>
        <Required type="connectionreference" displayName="crf4b_sharedsharepointonline_79b02" solution="Active" id.connectionreferencelogicalname="crf4b_sharedsharepointonline_79b02" />
        <Dependent type="29" displayName="Avepoint Main Flow (Remove)" id="{13e79085-6c01-ec11-94ef-6045bd72e82d}" />
      </MissingDependency>
      <MissingDependency>
        <Required type="connectionreference" displayName="crf4b_sharedsharepointonline_79b02" solution="Active" id.connectionreferencelogicalname="crf4b_sharedsharepointonline_79b02" />
        <Dependent type="29" displayName="Serial Flow" id="{d8e2e8d8-f303-ec11-b6e6-002248166def}" />
      </MissingDependency>
      <MissingDependency>
        <Required type="connectionreference" displayName="crf4b_sharedsharepointonline_79b02" solution="Active" id.connectionreferencelogicalname="crf4b_sharedsharepointonline_79b02" />
        <Dependent type="29" displayName="Parallel Flow" id="{dac323ce-f703-ec11-b6e6-002248166def}" />
      </MissingDependency>
      <MissingDependency>
        <Required type="connectionreference" displayName="new_sharedoffice365_c0a08" solution="Active" id.connectionreferencelogicalname="new_sharedoffice365_c0a08" />
        <Dependent type="29" displayName="Mail Flow" id="{ae85dc64-67ce-eb11-bacc-6045bd72ec68}" />
      </MissingDependency>
    </MissingDependencies>
  </SolutionManifest>
</ImportExportXml>